"DATASET","SERIES_CODE","OBS_MEASURE","COUNTRY","INDICATOR","FREQUENCY","SCALE","2005","2006","2007","2008","2009","2010","2011","2012","2013","2014","2015","2016","2017","2018","2019","2020","2021","2022","2023","2024","2025","2026"
"IMF.RES:WEO(9.0.0)","G110.NGDPD.A","OBS_VALUE","Advanced Economies","Gross domestic product (GDP), Current prices, US dollar","Annual","Billions","36491.101","38380.458","41931.843","44299.427","41800.254","43660.796","46894.568","46709.215","47175.962","48289.230","45711.404","46951.019","49016.624","51868.982","52406.467","51561.468","57609.524","58945.923","62310.258","64901.125","68598.619","72202.717"
"IMF.RES:WEO(9.0.0)","GBR.NGDPD.A","OBS_VALUE","United Kingdom","Gross domestic product (GDP), Current prices, US dollar","Annual","Billions","2546.038","2712.257","3091.695","2960.390","2421.476","2487.924","2664.719","2707.571","2786.665","3066.304","2928.558","2699.086","2682.384","2875.024","2853.074","2698.705","3144.079","3125.404","3371.118","3644.636","3958.780","4225.639"
"IMF.RES:WEO(9.0.0)","G119.NGDPD.A","OBS_VALUE","G7","Gross domestic product (GDP), Current prices, US dollar","Annual","Billions","28544.573","29771.997","31977.972","33541.289","31944.526","33178.320","35290.292","35444.971","35502.720","36378.856","34938.790","35927.787","37196.592","39238.227","39958.027","39273.741","43438.469","44740.682","47490.417","49422.823","52056.759","54519.693"
"IMF.RES:WEO(9.0.0)","USA.NGDPD.A","OBS_VALUE","United States","Gross domestic product (GDP), Current prices, US dollar","Annual","Billions","13039.200","13815.600","14474.250","14769.850","14478.050","15048.975","15599.725","16253.950","16880.675","17608.125","18295.000","18804.900","19612.100","20656.525","21539.975","21375.275","23725.650","26054.600","27811.500","29298.025","30615.743","31821.293"
"IMF.RES:WEO(9.0.0)","DEU.NGDPD.A","OBS_VALUE","Germany","Gross domestic product (GDP), Current prices, US dollar","Annual","Billions","2894.992","3046.470","3484.467","3807.781","3474.768","3469.925","3822.903","3598.761","3807.079","3965.893","3425.446","3535.812","3764.023","4057.272","3960.332","3938.244","4358.147","4204.327","4563.523","4684.182","5013.574","5328.184"
"IMF.RES:WEO(9.0.0)","AUT.NGDPD.A","OBS_VALUE","Austria","Gross domestic product (GDP), Current prices, US dollar","Annual","Billions","314.126","333.924","386.806","429.187","398.857","390.146","428.879","407.008","426.587","438.669","379.584","393.579","414.780","452.787","443.033","434.050","480.786","472.145","511.833","523.956","566.456","604.198"
"IMF.RES:WEO(9.0.0)","GX123.NGDPD.A","OBS_VALUE","Other Advanced Economies (Advanced Economies excluding G7 and Euro Area countries)","Gross domestic product (GDP), Current prices, US dollar","Annual","Billions","4296.550","4655.484","5324.472","5618.597","5165.498","5952.212","6797.219","6853.921","7092.190","7226.396","6655.363","6795.426","7304.598","7693.177","7560.419","7520.808","8743.748","8810.927","8914.534","9243.702","9707.013","10351.847"
"IMF.RES:WEO(9.0.0)","BEL.NGDPD.A","OBS_VALUE","Belgium","Gross domestic product (GDP), Current prices, US dollar","Annual","Billions","385.927","408.281","470.978","517.271","484.488","481.949","527.106","498.731","524.106","538.127","461.091","474.141","500.733","542.885","536.787","529.269","598.920","594.081","644.840","664.365","716.980","761.174"
"IMF.RES:WEO(9.0.0)","ITA.NGDPD.A","OBS_VALUE","Italy","Gross domestic product (GDP), Current prices, US dollar","Annual","Billions","1866.013","1958.667","2222.785","2417.242","2207.085","2146.687","2306.568","2099.259","2153.259","2173.815","1845.615","1886.590","1970.027","2100.387","2019.831","1905.956","2180.657","2105.723","2305.270","2372.059","2543.677","2701.544"
"IMF.RES:WEO(9.0.0)","DNK.NGDPD.A","OBS_VALUE","Denmark","Gross domestic product (GDP), Current prices, US dollar","Annual","Billions","265.150","283.387","320.213","354.977","322.621","322.346","344.316","326.793","344.631","352.833","301.759","312.182","331.611","355.293","345.402","355.631","406.110","400.115","404.652","424.525","459.612","500.051"
"IMF.RES:WEO(9.0.0)","FRA.NGDPD.A","OBS_VALUE","France","Gross domestic product (GDP), Current prices, US dollar","Annual","Billions","2193.358","2317.985","2656.130","2926.483","2697.144","2648.391","2869.903","2684.706","2816.119","2861.973","2442.731","2469.726","2587.955","2782.838","2723.094","2645.806","2968.405","2796.987","3061.093","3160.902","3361.557","3558.562"
"IMF.RES:WEO(9.0.0)","NLD.NGDPD.A","OBS_VALUE","Netherlands, The","Gross domestic product (GDP), Current prices, US dollar","Annual","Billions","688.514","737.633","853.600","957.797","878.000","853.161","912.980","846.225","883.964","901.789","775.822","796.944","847.934","930.155","929.006","931.814","1055.173","1047.364","1135.803","1214.562","1320.635","1413.076"
"IMF.RES:WEO(9.0.0)","LUX.NGDPD.A","OBS_VALUE","Luxembourg","Gross domestic product (GDP), Current prices, US dollar","Annual","Billions","37.693","42.912","51.594","58.838","54.408","56.260","61.685","59.814","65.204","68.822","60.078","62.200","65.689","71.118","69.880","73.612","86.444","80.865","88.815","93.252","100.642","107.758"
"IMF.RES:WEO(9.0.0)","SMR.NGDPD.A","OBS_VALUE","San Marino, Republic of","Gross domestic product (GDP), Current prices, US dollar","Annual","Billions","1.788","1.910","2.189","2.403","2.062","1.883","1.813","1.606","1.678","1.674","1.420","1.468","1.528","1.656","1.616","1.543","1.857","1.833","2.028","2.082","2.241","2.393"
"IMF.RES:WEO(9.0.0)","CHE.NGDPD.A","OBS_VALUE","Switzerland","Gross domestic product (GDP), Current prices, US dollar","Annual","Billions","418.261","441.865","491.056","566.952","553.882","598.337","715.857","686.542","706.784","726.664","693.814","687.766","695.507","725.889","721.896","741.288","814.696","828.513","894.815","938.153","1002.666","1074.588"
"IMF.RES:WEO(9.0.0)","SWE.NGDPD.A","OBS_VALUE","Sweden","Gross domestic product (GDP), Current prices, US dollar","Annual","Billions","391.689","422.526","490.050","514.614","434.311","492.751","570.539","549.740","584.125","577.728","501.602","513.058","535.172","549.649","530.894","544.266","631.693","575.071","578.991","603.715","662.318","711.503"
"IMF.RES:WEO(9.0.0)","NOR.NGDPD.A","OBS_VALUE","Norway","Gross domestic product (GDP), Current prices, US dollar","Annual","Billions","309.979","346.914","402.646","464.915","387.974","431.052","501.361","512.777","526.014","501.737","388.160","370.957","401.745","439.789","408.743","367.633","503.368","596.298","482.950","483.593","517.102","547.693"
"IMF.RES:WEO(9.0.0)","FIN.NGDPD.A","OBS_VALUE","Finland","Gross domestic product (GDP), Current prices, US dollar","Annual","Billions","204.973","217.056","256.390","285.667","253.206","249.633","275.079","257.606","270.272","273.549","233.234","238.712","253.757","273.993","267.044","269.784","294.419","280.474","295.135","298.607","314.724","335.534"
"IMF.RES:WEO(9.0.0)","LIE.NGDPD.A","OBS_VALUE","Liechtenstein, Principality of","Gross domestic product (GDP), Current prices, US dollar","Annual","Billions","3.964","4.338","5.006","5.512","4.858","5.503","6.197","5.866","6.392","6.658","6.269","6.237","6.474","6.693","6.437","6.405","7.913","7.378","8.286","8.500","9.424","10.116"
"IMF.RES:WEO(9.0.0)","CAN.NGDPD.A","OBS_VALUE","Canada","Gross domestic product (GDP), Current prices, US dollar","Annual","Billions","1173.505","1319.356","1468.896","1552.864","1376.509","1617.345","1793.327","1828.362","1846.595","1805.751","1556.508","1527.996","1649.266","1725.300","1743.725","1655.685","2022.382","2190.411","2173.340","2243.637","2283.599","2420.837"
"IMF.RES:WEO(9.0.0)","JPN.NGDPD.A","OBS_VALUE","Japan","Gross domestic product (GDP), Current prices, US dollar","Annual","Billions","4831.467","4601.663","4579.750","5106.679","5289.494","5759.072","6233.148","6272.362","5212.328","4896.995","4444.931","5003.678","4930.837","5040.881","5117.995","5054.069","5039.148","4263.231","4204.573","4019.382","4279.828","4463.634"
"IMF.RES:WEO(9.0.0)","G163.NGDPD.A","OBS_VALUE","Euro Area (EA)","Gross domestic product (GDP), Current prices, US dollar","Annual","Billions","10605.219","11277.463","12994.497","14294.139","13070.748","12797.063","13806.913","12793.355","13357.212","13684.874","11830.508","12119.951","12837.964","13879.034","13592.239","13256.908","14934.587","14498.999","15831.829","16447.395","17748.965","18914.469"
"IMF.RES:WEO(9.0.0)","AND.NGDPD.A","OBS_VALUE","Andorra, Principality of","Gross domestic product (GDP), Current prices, US dollar","Annual","Billions","3.158","3.456","3.952","4.082","3.675","3.446","3.625","3.189","3.193","3.267","2.789","2.895","2.993","3.217","3.155","2.885","3.325","3.376","3.786","4.038","4.408","4.715"
"IMF.RES:WEO(9.0.0)","ESP.NGDPD.A","OBS_VALUE","Spain","Gross domestic product (GDP), Current prices, US dollar","Annual","Billions","1155.306","1261.914","1476.920","1635.936","1494.963","1429.155","1487.307","1331.838","1362.207","1380.600","1206.287","1242.673","1321.288","1432.292","1403.651","1288.751","1462.216","1449.990","1619.949","1725.152","1891.371","2041.830"
"IMF.RES:WEO(9.0.0)","MLT.NGDPD.A","OBS_VALUE","Malta","Gross domestic product (GDP), Current prices, US dollar","Annual","Billions","6.392","6.783","7.972","9.171","8.760","9.104","9.788","9.616","10.797","11.891","11.342","12.022","14.156","16.161","16.340","16.392","19.753","18.943","22.617","24.964","27.745","30.437"
"IMF.RES:WEO(9.0.0)","GRC.NGDPD.A","OBS_VALUE","Greece","Gross domestic product (GDP), Current prices, US dollar","Annual","Billions","242.450","269.088","314.264","351.083","326.474","296.660","283.178","238.992","236.560","233.972","194.587","193.044","200.310","213.396","207.329","191.210","218.449","219.053","243.569","257.067","282.019","304.838"
"IMF.RES:WEO(9.0.0)","ISL.NGDPD.A","OBS_VALUE","Iceland","Gross domestic product (GDP), Current prices, US dollar","Annual","Billions","17.146","17.672","21.960","18.248","13.213","13.923","15.394","14.944","16.244","18.052","17.700","21.084","25.060","26.678","24.986","22.035","26.235","29.166","31.678","33.255","38.386","43.404"
"IMF.RES:WEO(9.0.0)","IRL.NGDPD.A","OBS_VALUE","Ireland","Gross domestic product (GDP), Current prices, US dollar","Annual","Billions","211.993","232.193","270.112","275.417","236.187","221.914","240.934","227.066","242.928","266.559","302.133","305.347","348.232","395.960","407.256","435.659","530.747","548.773","567.537","608.974","708.771","750.112"
"IMF.RES:WEO(9.0.0)","PRT.NGDPD.A","OBS_VALUE","Portugal","Gross domestic product (GDP), Current prices, US dollar","Annual","Billions","197.363","208.767","240.524","263.388","244.402","238.639","245.383","216.674","226.681","230.138","199.059","206.249","220.785","242.203","240.142","229.435","256.226","257.101","289.781","308.581","337.936","364.527"
"IMF.RES:WEO(9.0.0)","ARG.NGDPD.A","OBS_VALUE","Argentina","Gross domestic product (GDP), Current prices, US dollar","Annual","Billions","199.273","232.892","287.921","363.545","334.633","424.729","527.644","579.666","611.471","563.614","642.464","556.774","643.861","524.431","446.762","385.218","486.040","633.520","648.895","637.234","683.371","667.922"
"IMF.RES:WEO(9.0.0)","NZL.NGDPD.A","OBS_VALUE","New Zealand","Gross domestic product (GDP), Current prices, US dollar","Annual","Billions","113.264","109.740","134.859","135.606","122.011","145.736","167.167","175.361","187.292","200.305","176.455","186.081","203.819","209.747","210.995","210.540","249.785","245.228","253.789","258.365","262.909","280.553"
"IMF.RES:WEO(9.0.0)","AUS.NGDPD.A","OBS_VALUE","Australia","Gross domestic product (GDP), Current prices, US dollar","Annual","Billions","736.505","783.446","950.093","1056.565","1000.831","1254.622","1515.504","1570.139","1519.895","1456.939","1233.914","1262.645","1381.106","1417.158","1386.289","1362.665","1655.838","1725.433","1742.311","1795.492","1829.508","1948.227"
"IMF.RES:WEO(9.0.0)","TUR.NGDPD.A","OBS_VALUE","Türkiye, Republic of","Gross domestic product (GDP), Current prices, US dollar","Annual","Billions","506.794","554.902","686.909","787.897","656.134","783.025","843.326","882.437","962.457","943.337","868.204","870.339","863.906","807.318","775.223","730.345","827.673","924.752","1153.295","1358.251","1565.471","1576.110"
"IMF.RES:WEO(9.0.0)","G200.NGDPD.A","OBS_VALUE","Emerging Market and Developing Economies","Gross domestic product (GDP), Current prices, US dollar","Annual","Billions","11606.182","13743.203","16934.094","20347.953","19439.467","23378.234","27566.033","29193.880","30999.931","32049.806","30119.563","30100.476","32935.147","35169.888","35916.850","34489.844","40616.296","43455.830","44629.530","46211.735","48566.775","51381.777"
"IMF.RES:WEO(9.0.0)","ZAF.NGDPD.A","OBS_VALUE","South Africa","Gross domestic product (GDP), Current prices, US dollar","Annual","Billions","288.749","304.055","332.650","316.491","331.184","417.315","458.708","434.400","400.877","381.195","346.663","323.493","381.317","405.093","389.245","337.876","419.878","407.430","381.334","401.076","426.383","443.643"
"IMF.RES:WEO(9.0.0)","G205.NGDPD.A","OBS_VALUE","Latin America and the Caribbean (LAC)","Gross domestic product (GDP), Current prices, US dollar","Annual","Billions","2767.110","3246.224","3848.329","4477.488","4137.584","5156.093","5952.327","6048.355","6120.467","6061.807","5134.310","4944.377","5499.095","5361.274","5245.597","4403.254","5129.311","5863.013","6607.279","6786.876","7000.686","7302.791"
"IMF.RES:WEO(9.0.0)","COL.NGDPD.A","OBS_VALUE","Colombia","Gross domestic product (GDP), Current prices, US dollar","Annual","Billions","145.601","161.793","206.230","242.504","232.469","286.499","334.966","370.691","382.094","381.241","293.493","282.720","311.889","334.124","323.054","270.348","318.525","345.632","366.292","418.818","438.121","462.251"
"IMF.RES:WEO(9.0.0)","BOL.NGDPD.A","OBS_VALUE","Bolivia","Gross domestic product (GDP), Current prices, US dollar","Annual","Billions","9.573","11.520","13.216","16.792","17.464","19.786","24.135","27.282","30.883","33.237","33.241","34.189","37.782","40.581","41.193","36.897","40.701","44.329","45.464","46.967","57.086",""
"IMF.RES:WEO(9.0.0)","BRA.NGDPD.A","OBS_VALUE","Brazil","Gross domestic product (GDP), Current prices, US dollar","Annual","Billions","891.633","1107.628","1397.114","1695.855","1669.204","2208.704","2614.027","2464.053","2471.718","2456.055","1800.046","1796.622","2063.519","1916.934","1873.286","1476.092","1670.650","1951.849","2191.137","2179.413","2256.910","2292.690"
"IMF.RES:WEO(9.0.0)","CRI.NGDPD.A","OBS_VALUE","Costa Rica","Gross domestic product (GDP), Current prices, US dollar","Annual","Billions","20.049","22.717","26.885","30.802","30.746","37.656","42.762","47.231","50.949","52.017","56.442","58.847","60.517","62.422","64.412","62.382","64.954","69.235","86.509","95.365","102.637","109.135"
"IMF.RES:WEO(9.0.0)","CHL.NGDPD.A","OBS_VALUE","Chile","Gross domestic product (GDP), Current prices, US dollar","Annual","Billions","122.315","153.840","172.565","179.663","171.794","217.105","251.225","267.165","277.218","259.394","242.515","249.306","276.357","295.428","278.040","254.060","315.411","301.270","335.627","330.210","347.174","363.299"
"IMF.RES:WEO(9.0.0)","ECU.NGDPD.A","OBS_VALUE","Ecuador","Gross domestic product (GDP), Current prices, US dollar","Annual","Billions","40.279","45.691","49.849","61.139","60.095","68.151","78.987","87.735","96.570","102.718","97.210","97.671","104.467","107.479","107.596","95.865","107.179","116.133","121.147","124.676","130.529","134.711"
"IMF.RES:WEO(9.0.0)","DOM.NGDPD.A","OBS_VALUE","Dominican Republic","Gross domestic product (GDP), Current prices, US dollar","Annual","Billions","35.948","37.998","44.067","48.174","48.281","53.862","58.006","60.627","62.631","67.098","71.056","75.625","79.153","85.068","89.237","78.625","95.067","113.813","120.794","124.613","129.748","138.340"
"IMF.RES:WEO(9.0.0)","SLV.NGDPD.A","OBS_VALUE","El Salvador","Gross domestic product (GDP), Current prices, US dollar","Annual","Billions","14.698","16.000","17.012","17.987","17.602","18.448","20.284","21.386","21.991","22.593","23.438","24.191","24.979","26.021","26.881","24.921","29.043","31.870","33.854","35.365","36.587","37.981"
"IMF.RES:WEO(9.0.0)","MEX.NGDPD.A","OBS_VALUE","Mexico","Gross domestic product (GDP), Current prices, US dollar","Annual","Billions","917.572","1020.265","1102.356","1161.553","943.437","1105.424","1229.014","1255.110","1327.436","1364.508","1213.294","1112.233","1190.721","1256.300","1304.106","1121.065","1316.569","1466.935","1798.318","1856.366","1862.740","2030.999"
"IMF.RES:WEO(9.0.0)","PAN.NGDPD.A","OBS_VALUE","Panama","Gross domestic product (GDP), Current prices, US dollar","Annual","Billions","17.250","19.116","22.079","26.081","28.114","30.523","35.961","41.916","47.276","51.757","56.080","60.037","64.490","67.316","69.779","57.060","67.396","76.479","83.812","86.524","90.408","95.905"
"IMF.RES:WEO(9.0.0)","HTI.NGDPD.A","OBS_VALUE","Haiti","Gross domestic product (GDP), Current prices, US dollar","Annual","Billions","7.186","7.507","9.522","10.488","11.598","11.852","13.009","13.709","14.904","15.137","14.831","13.996","15.036","16.454","14.787","14.508","21.017","19.826","19.603","25.285","30.908","31.097"
"IMF.RES:WEO(9.0.0)","HND.NGDPD.A","OBS_VALUE","Honduras","Gross domestic product (GDP), Current prices, US dollar","Annual","Billions","9.755","10.917","12.361","13.884","14.586","15.837","17.710","18.523","18.494","19.753","20.978","21.712","23.138","24.067","24.883","23.350","28.146","31.425","34.356","37.100","39.445","40.821"
"IMF.RES:WEO(9.0.0)","GTM.NGDPD.A","OBS_VALUE","Guatemala","Gross domestic product (GDP), Current prices, US dollar","Annual","Billions","28.179","31.308","35.028","40.242","37.997","41.493","47.419","49.902","52.989","57.835","62.180","66.034","71.624","73.331","77.156","77.718","86.443","95.642","104.354","113.190","120.850","129.466"
"IMF.RES:WEO(9.0.0)","NIC.NGDPD.A","OBS_VALUE","Nicaragua","Gross domestic product (GDP), Current prices, US dollar","Annual","Billions","6.321","6.764","7.423","8.497","8.297","8.759","9.774","10.532","10.983","11.880","12.757","13.286","13.786","13.025","12.713","12.730","14.208","15.634","17.813","19.694","20.689","21.860"
"IMF.RES:WEO(9.0.0)","URY.NGDPD.A","OBS_VALUE","Uruguay","Gross domestic product (GDP), Current prices, US dollar","Annual","Billions","18.986","21.416","25.603","33.151","34.565","43.967","52.354","55.938","62.857","62.546","58.218","57.580","65.068","65.370","62.229","53.557","60.742","70.600","77.997","80.961","84.986","90.640"
"IMF.RES:WEO(9.0.0)","VEN.NGDPD.A","OBS_VALUE","Venezuela, República Bolivariana de","Gross domestic product (GDP), Current prices, US dollar","Annual","Billions","143.375","178.521","232.857","306.764","268.624","318.281","316.482","372.592","258.931","214.690","125.449","112.915","115.883","102.021","73.014","42.838","56.615","89.013","102.377","119.803","82.767","79.916"
"IMF.RES:WEO(9.0.0)","PER.NGDPD.A","OBS_VALUE","Peru","Gross domestic product (GDP), Current prices, US dollar","Annual","Billions","74.232","87.459","102.187","120.898","122.214","149.284","170.662","193.021","203.056","204.200","194.425","198.940","219.525","229.824","236.414","209.984","229.832","248.204","271.780","294.675","318.480","326.608"
"IMF.RES:WEO(9.0.0)","PRY.NGDPD.A","OBS_VALUE","Paraguay","Gross domestic product (GDP), Current prices, US dollar","Annual","Billions","10.738","13.430","17.856","24.615","22.355","27.129","33.737","33.296","38.651","40.378","36.211","36.090","38.997","40.225","37.925","35.432","39.951","41.953","43.118","44.458","47.398","51.669"
"IMF.RES:WEO(9.0.0)","DMA.NGDPD.A","OBS_VALUE","Dominica","Gross domestic product (GDP), Current prices, US dollar","Annual","Billions","0.364","0.390","0.421","0.458","0.489","0.494","0.501","0.486","0.498","0.520","0.541","0.576","0.522","0.555","0.612","0.504","0.555","0.607","0.654","0.698","0.748","0.791"
"IMF.RES:WEO(9.0.0)","BHS.NGDPD.A","OBS_VALUE","Bahamas, The","Gross domestic product (GDP), Current prices, US dollar","Annual","Billions","9.836","10.167","10.618","10.526","9.982","10.096","10.070","10.720","10.475","11.139","11.838","11.881","12.447","12.819","13.277","10.363","12.037","13.897","15.271","15.833","16.393","16.841"
"IMF.RES:WEO(9.0.0)","ABW.NGDPD.A","OBS_VALUE","Aruba, Kingdom of the Netherlands","Gross domestic product (GDP), Current prices, US dollar","Annual","Billions","2.360","2.470","2.678","2.843","2.554","2.454","2.638","2.615","2.728","2.791","2.963","2.984","3.092","3.276","3.347","2.456","2.855","3.266","3.769","4.192","4.319","4.471"
"IMF.RES:WEO(9.0.0)","ATG.NGDPD.A","OBS_VALUE","Antigua and Barbuda","Gross domestic product (GDP), Current prices, US dollar","Annual","Billions","1.144","1.304","1.487","1.558","1.387","1.298","1.287","1.365","1.325","1.379","1.437","1.490","1.535","1.662","1.726","1.412","1.602","1.867","2.006","2.208","2.340","2.456"
"IMF.RES:WEO(9.0.0)","JAM.NGDPD.A","OBS_VALUE","Jamaica","Gross domestic product (GDP), Current prices, US dollar","Annual","Billions","11.524","12.256","13.215","14.099","12.421","13.535","14.787","15.149","14.582","14.225","14.927","14.931","15.726","16.767","17.002","15.079","15.982","18.710","21.299","21.900","23.137","24.132"
"IMF.RES:WEO(9.0.0)","BLZ.NGDPD.A","OBS_VALUE","Belize","Gross domestic product (GDP), Current prices, US dollar","Annual","Billions","1.474","1.590","1.706","1.738","1.688","1.749","1.832","1.917","2.035","2.138","2.193","2.240","2.266","2.286","2.381","2.047","2.429","2.847","3.052","3.204","3.297","3.442"
"IMF.RES:WEO(9.0.0)","BRB.NGDPD.A","OBS_VALUE","Barbados","Gross domestic product (GDP), Current prices, US dollar","Annual","Billions","4.213","4.702","5.273","5.401","5.064","5.138","5.302","5.233","5.338","5.366","5.288","5.331","5.517","5.630","5.788","5.168","5.275","6.257","6.721","7.169","7.559","7.944"
"IMF.RES:WEO(9.0.0)","GRD.NGDPD.A","OBS_VALUE","Grenada","Gross domestic product (GDP), Current prices, US dollar","Annual","Billions","0.695","0.699","0.759","0.826","0.771","0.771","0.779","0.800","0.843","0.911","0.997","1.062","1.126","1.167","1.213","1.043","1.122","1.224","1.336","1.395","1.458","1.524"
"IMF.RES:WEO(9.0.0)","KNA.NGDPD.A","OBS_VALUE","St. Kitts and Nevis","Gross domestic product (GDP), Current prices, US dollar","Annual","Billions","0.547","0.644","0.689","0.778","0.774","0.779","0.836","0.825","0.875","0.953","0.957","1.007","1.057","1.077","1.108","0.884","0.859","0.980","1.060","1.079","1.141","1.190"
"IMF.RES:WEO(9.0.0)","GUY.NGDPD.A","OBS_VALUE","Guyana","Gross domestic product (GDP), Current prices, US dollar","Annual","Billions","1.712","1.899","2.225","2.491","2.596","2.889","3.328","4.063","4.168","4.128","4.280","4.483","4.748","4.788","5.174","5.471","8.041","14.718","16.919","24.659","25.064","27.486"
"IMF.RES:WEO(9.0.0)","PRI.NGDPD.A","OBS_VALUE","Puerto Rico","Gross domestic product (GDP), Current prices, US dollar","Annual","Billions","83.915","87.276","89.524","93.639","96.386","98.381","100.352","101.565","102.450","102.446","103.376","104.337","103.446","100.958","105.126","103.131","106.427","113.844","118.375","125.842","126.546","129.192"
"IMF.RES:WEO(9.0.0)","VCT.NGDPD.A","OBS_VALUE","St. Vincent and the Grenadines","Gross domestic product (GDP), Current prices, US dollar","Annual","Billions","0.580","0.643","0.713","0.731","0.714","0.720","0.713","0.727","0.766","0.771","0.786","0.814","0.844","0.884","0.910","0.864","0.888","0.970","1.068","1.162","1.238","1.299"
"IMF.RES:WEO(9.0.0)","LCA.NGDPD.A","OBS_VALUE","St. Lucia","Gross domestic product (GDP), Current prices, US dollar","Annual","Billions","1.135","1.267","1.331","1.426","1.400","1.483","1.569","1.598","1.660","1.749","1.808","1.869","1.999","2.061","2.095","1.511","1.869","2.334","2.397","2.574","2.659","2.770"
"IMF.RES:WEO(9.0.0)","SUR.NGDPD.A","OBS_VALUE","Suriname","Gross domestic product (GDP), Current prices, US dollar","Annual","Billions","2.393","2.812","3.144","3.783","4.150","4.677","4.735","5.332","5.510","5.612","5.126","3.317","3.592","3.996","4.016","2.912","3.084","3.631","3.445","4.452","4.496","4.870"
"IMF.RES:WEO(9.0.0)","TTO.NGDPD.A","OBS_VALUE","Trinidad and Tobago","Gross domestic product (GDP), Current prices, US dollar","Annual","Billions","16.170","18.600","21.937","28.193","19.520","22.522","25.789","27.147","28.561","29.474","26.841","23.624","23.831","23.883","23.478","20.889","24.223","28.341","25.037","25.634","26.002","26.758"
"IMF.RES:WEO(9.0.0)","G400.NGDPD.A","OBS_VALUE","Middle East and Central Asia","Gross domestic product (GDP), Current prices, US dollar","Annual","Billions","1760.630","2097.056","2514.157","3103.111","2789.448","3285.528","3885.412","3976.476","4127.739","4240.115","3798.655","3712.704","3828.591","3993.332","3925.320","3493.050","4165.859","5018.408","4955.005","5137.124","5200.632","5487.044"
"IMF.RES:WEO(9.0.0)","IRQ.NGDPD.A","OBS_VALUE","Iraq","Gross domestic product (GDP), Current prices, US dollar","Annual","Billions","50.065","65.144","88.833","131.614","111.660","138.517","185.750","218.032","234.638","234.651","177.634","168.429","190.048","230.189","236.682","182.576","210.753","288.059","270.799","278.771","265.455","273.912"
"IMF.RES:WEO(9.0.0)","IRN.NGDPD.A","OBS_VALUE","Iran, Islamic Republic of","Gross domestic product (GDP), Current prices, US dollar","Annual","Billions","276.383","326.450","430.465","498.712","509.095","598.566","722.130","487.110","494.544","532.056","471.415","477.575","507.800","343.713","252.142","209.510","307.337","403.254","421.547","416.676","356.513","375.644"
"IMF.RES:WEO(9.0.0)","BHR.NGDPD.A","OBS_VALUE","Bahrain, Kingdom of","Gross domestic product (GDP), Current prices, US dollar","Annual","Billions","16.647","19.291","22.653","26.803","23.913","26.806","29.915","31.963","33.823","34.773","32.523","33.885","37.205","39.568","40.447","35.838","40.840","46.458","46.192","47.110","47.391","49.194"
"IMF.RES:WEO(9.0.0)","CYP.NGDPD.A","OBS_VALUE","Cyprus","Gross domestic product (GDP), Current prices, US dollar","Annual","Billions","18.713","20.422","24.082","27.955","26.020","25.821","27.637","25.063","23.960","23.232","19.911","21.041","22.938","25.766","26.200","25.535","30.393","30.960","33.897","36.322","39.943","43.158"
"IMF.RES:WEO(9.0.0)","OMN.NGDPD.A","OBS_VALUE","Oman","Gross domestic product (GDP), Current prices, US dollar","Annual","Billions","35.507","42.578","48.300","69.805","55.454","64.994","77.497","87.409","89.936","92.699","78.711","75.129","80.857","91.506","88.061","75.909","87.324","109.853","105.896","106.943","105.190","108.913"
"IMF.RES:WEO(9.0.0)","KWT.NGDPD.A","OBS_VALUE","Kuwait","Gross domestic product (GDP), Current prices, US dollar","Annual","Billions","80.799","101.548","114.608","147.391","105.992","115.401","154.020","174.066","174.179","162.695","114.606","109.399","120.688","138.655","140.855","111.048","148.346","183.539","165.396","160.226","157.469","162.895"
"IMF.RES:WEO(9.0.0)","JOR.NGDPD.A","OBS_VALUE","Jordan","Gross domestic product (GDP), Current prices, US dollar","Annual","Billions","13.134","15.795","17.957","22.648","24.538","27.134","29.524","31.679","34.503","36.900","38.642","39.949","41.667","43.432","44.566","43.762","46.362","48.834","51.161","53.428","56.157","59.288"
"IMF.RES:WEO(9.0.0)","ISR.NGDPD.A","OBS_VALUE","Israel","Gross domestic product (GDP), Current prices, US dollar","Annual","Billions","147.346","158.706","184.450","220.951","213.111","239.373","267.739","263.172","298.045","314.377","302.839","321.083","357.361","375.471","399.209","410.909","489.736","525.159","513.394","542.285","610.752","666.407"
"IMF.RES:WEO(9.0.0)","QAT.NGDPD.A","OBS_VALUE","Qatar","Gross domestic product (GDP), Current prices, US dollar","Annual","Billions","44.636","58.629","75.987","112.621","88.196","119.707","167.775","186.834","198.728","206.225","161.740","151.732","161.099","183.335","176.371","144.411","179.732","235.709","213.003","219.631","222.119","239.142"
"IMF.RES:WEO(9.0.0)","LBN.NGDPD.A","OBS_VALUE","Lebanon","Gross domestic product (GDP), Current prices, US dollar","Annual","Billions","21.497","22.023","24.827","29.119","35.400","38.444","39.927","44.017","46.880","48.095","49.929","51.150","53.030","54.900","50.928","24.976","19.782","24.748","23.607","28.280","",""
"IMF.RES:WEO(9.0.0)","ARE.NGDPD.A","OBS_VALUE","United Arab Emirates","Gross domestic product (GDP), Current prices, US dollar","Annual","Billions","180.616","222.117","257.883","315.464","253.547","307.736","368.881","392.793","409.633","424.936","381.973","381.717","403.365","440.560","433.926","357.162","422.441","511.403","522.622","552.325","569.097","601.163"
"IMF.RES:WEO(9.0.0)","EGY.NGDPD.A","OBS_VALUE","Egypt, Arab Republic of","Gross domestic product (GDP), Current prices, US dollar","Annual","Billions","94.127","112.902","137.055","170.797","198.316","230.024","247.726","294.482","303.194","321.634","350.119","351.443","246.826","263.156","317.894","382.525","423.300","475.231","393.828","383.105","349.264","399.508"
"IMF.RES:WEO(9.0.0)","SAU.NGDPD.A","OBS_VALUE","Saudi Arabia","Gross domestic product (GDP), Current prices, US dollar","Annual","Billions","328.205","376.398","415.687","519.797","429.098","528.207","680.661","751.921","769.755","787.153","693.415","689.279","741.266","886.564","888.888","767.303","982.661","1239.075","1218.585","1239.805","1268.535","1316.250"
"IMF.RES:WEO(9.0.0)","SYR.NGDPD.A","OBS_VALUE","Syrian Arab Republic","Gross domestic product (GDP), Current prices, US dollar","Annual","Billions","28.881","33.824","40.488","52.631","53.939","60.043","","","","","","","","","","","","","","","",""
"IMF.RES:WEO(9.0.0)","AFG.NGDPD.A","OBS_VALUE","Afghanistan, Islamic Republic of","Gross domestic product (GDP), Current prices, US dollar","Annual","Billions","6.167","6.925","8.556","10.297","12.066","15.325","17.890","20.293","20.170","20.616","20.057","18.020","18.883","18.336","18.876","20.136","14.278","14.501","17.248","18.080","",""
"IMF.RES:WEO(9.0.0)","YEM.NGDPD.A","OBS_VALUE","Yemen, Republic of","Gross domestic product (GDP), Current prices, US dollar","Annual","Billions","16.732","19.063","21.651","26.911","25.130","30.907","32.726","35.401","40.415","43.229","42.444","31.318","26.842","21.606","21.888","20.220","19.394","23.534","19.412","19.101","17.352","17.240"
"IMF.RES:WEO(9.0.0)","G505.NGDPD.A","OBS_VALUE","Emerging and Developing Asia","Gross domestic product (GDP), Current prices, US dollar","Annual","Billions","4145.507","4927.030","6234.476","7509.737","8170.758","9842.144","11801.644","13007.367","14237.569","15393.876","16021.916","16504.323","18146.542","20012.037","20823.483","21072.318","24917.373","25477.603","25850.993","26736.872","27821.017","29722.432"
"IMF.RES:WEO(9.0.0)","WBG.NGDPD.A","OBS_VALUE","West Bank and Gaza","Gross domestic product (GDP), Current prices, US dollar","Annual","Billions","5.126","5.348","5.816","7.310","8.086","9.682","11.186","12.208","13.515","13.990","13.972","15.405","16.128","16.277","17.134","15.532","18.109","19.166","17.848","13.711","",""
"IMF.RES:WEO(9.0.0)","G510.NGDPD.A","OBS_VALUE","ASEAN-5","Gross domestic product (GDP), Current prices, US dollar","Annual","Billions","885.810","1064.967","1272.689","1466.244","1442.416","1803.016","2079.545","2191.351","2252.206","2253.369","2177.950","2284.773","2463.239","2631.775","2781.240","2607.890","2897.168","3135.948","3229.520","3354.049","3540.744","3757.257"
"IMF.RES:WEO(9.0.0)","BGD.NGDPD.A","OBS_VALUE","Bangladesh","Gross domestic product (GDP), Current prices, US dollar","Annual","Billions","79.530","86.028","95.374","109.765","122.760","138.094","154.097","159.749","179.676","207.102","233.687","265.236","293.755","321.379","351.238","373.902","416.265","460.201","451.534","450.461","475.011","519.288"
"IMF.RES:WEO(9.0.0)","BTN.NGDPD.A","OBS_VALUE","Bhutan","Gross domestic product (GDP), Current prices, US dollar","Annual","Billions","0.818","0.876","1.071","1.359","1.273","1.529","1.880","1.966","1.995","1.962","2.159","2.252","2.462","2.651","2.618","2.586","2.621","2.866","2.923","3.098","3.408","3.771"
"IMF.RES:WEO(9.0.0)","KHM.NGDPD.A","OBS_VALUE","Cambodia","Gross domestic product (GDP), Current prices, US dollar","Annual","Billions","7.058","8.342","10.117","12.162","12.490","13.796","16.017","17.829","19.806","22.040","24.217","26.591","29.394","33.181","36.682","34.898","36.797","39.089","42.404","46.098","48.802","51.506"
"IMF.RES:WEO(9.0.0)","MMR.NGDPD.A","OBS_VALUE","Myanmar","Gross domestic product (GDP), Current prices, US dollar","Annual","Billions","12.051","13.502","17.745","25.313","30.675","37.851","53.250","58.374","62.656","65.404","59.330","62.839","66.083","67.491","75.282","76.987","55.232","67.403","62.299","61.653","60.561","65.171"
"IMF.RES:WEO(9.0.0)","BRN.NGDPD.A","OBS_VALUE","Brunei Darussalam","Gross domestic product (GDP), Current prices, US dollar","Annual","Billions","10.561","12.710","13.571","15.949","11.892","13.707","18.525","19.048","18.094","17.098","12.930","11.400","12.128","13.567","13.469","12.006","14.006","16.682","15.095","15.463","15.565","16.457"
"IMF.RES:WEO(9.0.0)","IDN.NGDPD.A","OBS_VALUE","Indonesia","Gross domestic product (GDP), Current prices, US dollar","Annual","Billions","310.920","396.518","470.092","558.291","578.577","755.094","892.969","917.870","912.524","890.815","860.854","931.877","1015.619","1042.272","1119.100","1059.055","1186.510","1319.101","1371.169","1396.300","1443.256","1550.236"
"IMF.RES:WEO(9.0.0)","TWN.NGDPD.A","OBS_VALUE","Taiwan Province of China","Gross domestic product (GDP), Current prices, US dollar","Annual","Billions","374.060","386.450","406.907","415.901","390.829","444.281","483.974","495.610","512.943","535.328","534.515","543.081","591.687","610.690","613.512","676.861","776.965","765.624","757.335","797.004","884.387","971.448"
"IMF.RES:WEO(9.0.0)","HKG.NGDPD.A","OBS_VALUE","Hong Kong Special Administrative Region, People's Republic of China","Gross domestic product (GDP), Current prices, US dollar","Annual","Billions","181.556","193.515","211.583","219.279","214.048","228.639","248.514","262.629","275.697","291.460","309.386","320.860","341.271","361.731","363.075","344.941","368.954","358.680","381.043","406.863","428.233","446.646"
"IMF.RES:WEO(9.0.0)","LKA.NGDPD.A","OBS_VALUE","Sri Lanka","Gross domestic product (GDP), Current prices, US dollar","Annual","Billions","28.880","33.447","38.270","48.177","49.750","58.643","67.725","70.392","76.934","82.483","85.091","88.000","94.376","94.484","89.015","84.304","88.609","74.584","83.723","98.964","",""
"IMF.RES:WEO(9.0.0)","MYS.NGDPD.A","OBS_VALUE","Malaysia","Gross domestic product (GDP), Current prices, US dollar","Annual","Billions","150.345","170.410","202.732","241.946","211.847","258.640","302.184","318.909","327.869","342.868","301.355","301.256","319.109","358.783","365.178","337.456","373.785","407.830","399.949","422.227","470.572","505.364"
"IMF.RES:WEO(9.0.0)","LAO.NGDPD.A","OBS_VALUE","Lao People's Democratic Republic","Gross domestic product (GDP), Current prices, US dollar","Annual","Billions","3.079","3.934","4.757","5.946","6.431","7.506","8.964","10.194","11.972","13.266","14.418","15.904","17.055","18.131","18.770","18.511","18.533","15.121","15.011","15.908","16.934","17.781"
"IMF.RES:WEO(9.0.0)","MAC.NGDPD.A","OBS_VALUE","Macao Special Administrative Region, People's Republic of China","Gross domestic product (GDP), Current prices, US dollar","Annual","Billions","12.160","14.874","18.440","21.027","21.588","28.242","36.844","43.190","51.536","54.903","45.048","45.071","50.384","55.191","55.082","25.344","30.969","24.998","45.802","50.182","52.379","54.935"
"IMF.RES:WEO(9.0.0)","KOR.NGDPD.A","OBS_VALUE","Korea, Republic of","Gross domestic product (GDP), Current prices, US dollar","Annual","Billions","971.540","1094.545","1220.756","1093.487","982.854","1192.722","1307.239","1335.344","1434.670","1556.252","1539.212","1578.816","1710.197","1824.251","1751.046","1744.455","1942.314","1799.363","1844.801","1875.388","1858.572","1936.617"
"IMF.RES:WEO(9.0.0)","TLS.NGDPD.A","OBS_VALUE","Timor-Leste, Democratic Republic of","Gross domestic product (GDP), Current prices, US dollar","Annual","Billions","0.462","0.454","0.543","0.648","0.727","0.882","1.042","1.160","1.396","1.448","1.590","1.640","1.585","1.556","2.033","2.163","3.625","3.209","2.080","2.015","2.125","2.208"
"IMF.RES:WEO(9.0.0)","IND.NGDPD.A","OBS_VALUE","India","Gross domestic product (GDP), Current prices, US dollar","Annual","Billions","820.385","940.260","1216.736","1198.895","1341.889","1675.615","1823.052","1827.637","1856.721","2039.127","2103.588","2294.797","2651.474","2702.930","2835.606","2674.852","3167.271","3346.107","3638.490","3909.892","4125.213","4505.629"
"IMF.RES:WEO(9.0.0)","SGP.NGDPD.A","OBS_VALUE","Singapore","Gross domestic product (GDP), Current prices, US dollar","Annual","Billions","127.808","148.627","180.942","193.617","194.150","239.808","279.357","295.093","307.576","314.864","307.999","319.646","343.673","377.124","376.162","349.166","436.591","509.018","505.440","547.387","574.185","606.225"
"IMF.RES:WEO(9.0.0)","PHL.NGDPD.A","OBS_VALUE","Philippines","Gross domestic product (GDP), Current prices, US dollar","Annual","Billions","107.420","127.653","155.980","181.007","176.132","208.369","234.217","261.920","283.903","297.484","306.446","318.627","328.481","346.842","376.823","361.751","394.087","404.353","437.055","461.617","494.158","533.922"
"IMF.RES:WEO(9.0.0)","MDV.NGDPD.A","OBS_VALUE","Maldives","Gross domestic product (GDP), Current prices, US dollar","Annual","Billions","1.163","1.575","1.868","2.272","2.345","2.588","2.629","2.885","3.286","3.690","4.118","4.398","4.809","5.398","5.716","3.706","5.240","6.168","6.611","7.052","7.676","8.221"
"IMF.RES:WEO(9.0.0)","NPL.NGDPD.A","OBS_VALUE","Nepal","Gross domestic product (GDP), Current prices, US dollar","Annual","Billions","9.331","10.316","11.777","14.310","14.663","18.253","21.685","21.703","22.162","22.722","24.361","24.524","28.972","33.112","34.186","33.434","36.927","41.183","41.048","42.914","45.513","49.112"
"IMF.RES:WEO(9.0.0)","PAK.NGDPD.A","OBS_VALUE","Pakistan","Gross domestic product (GDP), Current prices, US dollar","Annual","Billions","145.209","161.871","184.141","202.204","187.074","196.712","230.577","250.094","258.674","271.422","299.930","313.623","339.229","356.163","321.071","300.410","348.481","374.850","336.555","371.408","410.495",""
"IMF.RES:WEO(9.0.0)","PLW.NGDPD.A","OBS_VALUE","Palau, Republic of","Gross domestic product (GDP), Current prices, US dollar","Annual","Billions","0.186","0.191","0.196","0.199","0.184","0.184","0.195","0.215","0.226","0.245","0.283","0.303","0.290","0.288","0.282","0.259","0.236","0.247","0.276","0.322","0.341","0.362"
"IMF.RES:WEO(9.0.0)","THA.NGDPD.A","OBS_VALUE","Thailand","Gross domestic product (GDP), Current prices, US dollar","Annual","Billions","189.318","221.758","262.943","291.383","281.711","341.105","370.819","397.558","420.334","407.339","401.296","413.366","456.357","506.754","543.977","500.462","506.195","495.645","515.906","526.518","558.573","561.509"
"IMF.RES:WEO(9.0.0)","G603.NGDPD.A","OBS_VALUE","Sub-Saharan Africa (SSA)","Gross domestic product (GDP), Current prices, US dollar","Annual","Billions","879.760","1020.907","1184.741","1370.703","1310.645","1555.981","1779.586","1882.795","1992.080","2095.855","1861.656","1704.985","1803.216","1960.277","2017.713","1869.671","2084.864","2224.418","2086.662","1919.669","2081.399","2255.418"
"IMF.RES:WEO(9.0.0)","DJI.NGDPD.A","OBS_VALUE","Djibouti","Gross domestic product (GDP), Current prices, US dollar","Annual","Billions","0.996","1.080","1.191","1.382","1.426","1.544","1.740","1.901","2.044","2.221","2.424","2.605","2.763","2.913","3.089","3.144","3.393","3.563","3.917","4.291","4.613","5.003"
"IMF.RES:WEO(9.0.0)","VNM.NGDPD.A","OBS_VALUE","Vietnam","Gross domestic product (GDP), Current prices, US dollar","Annual","Billions","73.197","84.301","98.426","124.756","129.022","143.212","171.312","195.169","212.728","232.888","236.795","252.146","277.071","304.470","331.818","346.310","370.076","411.068","433.008","459.472","484.726","511.059"
"IMF.RES:WEO(9.0.0)","BWA.NGDPD.A","OBS_VALUE","Botswana","Gross domestic product (GDP), Current prices, US dollar","Annual","Billions","9.833","9.919","10.566","10.731","10.118","12.637","15.111","13.907","14.272","15.470","13.531","15.083","16.105","17.032","16.696","14.930","18.750","20.321","19.411","19.356","19.186","20.708"
"IMF.RES:WEO(9.0.0)","AGO.NGDPD.A","OBS_VALUE","Angola","Gross domestic product (GDP), Current prices, US dollar","Annual","Billions","41.397","58.654","73.038","98.790","81.705","95.547","125.552","143.573","153.761","164.448","131.661","114.764","139.835","114.189","94.671","66.521","84.375","142.442","112.483","115.214","115.167","109.855"
"IMF.RES:WEO(9.0.0)","DZA.NGDPD.A","OBS_VALUE","Algeria","Gross domestic product (GDP), Current prices, US dollar","Annual","Billions","107.047","123.084","142.483","180.384","150.317","177.785","218.332","227.144","229.701","238.943","187.494","180.764","190.004","194.507","193.361","164.774","185.850","225.652","248.087","269.140","288.013","284.984"
"IMF.RES:WEO(9.0.0)","CAF.NGDPD.A","OBS_VALUE","Central African Republic","Gross domestic product (GDP), Current prices, US dollar","Annual","Billions","1.413","1.538","1.755","2.033","2.059","2.141","2.435","2.512","1.692","2.051","1.866","1.995","2.198","2.383","2.444","2.480","2.672","2.515","2.721","2.831","3.300","3.708"
"IMF.RES:WEO(9.0.0)","CMR.NGDPD.A","OBS_VALUE","Cameroon","Gross domestic product (GDP), Current prices, US dollar","Annual","Billions","19.534","20.912","23.931","27.712","27.903","27.530","30.626","30.174","33.729","36.396","32.213","33.805","36.086","39.992","39.673","40.863","45.036","44.442","49.287","54.394","60.577","67.517"
"IMF.RES:WEO(9.0.0)","BDI.NGDPD.A","OBS_VALUE","Burundi","Gross domestic product (GDP), Current prices, US dollar","Annual","Billions","1.117","1.273","1.356","1.612","1.775","2.032","2.236","2.333","2.456","2.706","3.104","2.960","3.172","3.037","3.009","3.089","3.356","3.922","4.291","4.827","7.025","9.212"
"IMF.RES:WEO(9.0.0)","CPV.NGDPD.A","OBS_VALUE","Cabo Verde","Gross domestic product (GDP), Current prices, US dollar","Annual","Billions","1.395","1.452","1.650","1.960","1.852","1.825","2.047","1.913","2.029","2.042","1.750","1.850","1.997","2.205","2.251","1.829","2.053","2.252","2.501","2.726","2.915","3.138"
"IMF.RES:WEO(9.0.0)","COD.NGDPD.A","OBS_VALUE","Congo, Democratic Republic of the","Gross domestic product (GDP), Current prices, US dollar","Annual","Billions","12.720","15.403","18.598","22.665","18.626","22.340","26.406","30.074","34.908","38.355","40.154","38.086","39.461","48.037","50.891","51.912","57.718","66.161","67.426","74.498","82.262","88.126"
"IMF.RES:WEO(9.0.0)","COG.NGDPD.A","OBS_VALUE","Congo, Republic of","Gross domestic product (GDP), Current prices, US dollar","Annual","Billions","6.654","8.073","8.784","11.649","9.713","13.159","15.653","17.704","17.959","17.918","11.891","10.928","11.830","14.781","13.977","11.485","13.387","13.967","14.169","14.774","15.695","16.952"
"IMF.RES:WEO(9.0.0)","TCD.NGDPD.A","OBS_VALUE","Chad","Gross domestic product (GDP), Current prices, US dollar","Annual","Billions","8.660","9.710","10.867","13.384","12.304","14.070","16.682","17.878","17.861","18.186","14.566","13.075","13.258","15.169","14.819","14.812","16.975","18.052","18.638","19.836","21.592","23.556"
"IMF.RES:WEO(9.0.0)","COM.NGDPD.A","OBS_VALUE","Comoros, Union of the","Gross domestic product (GDP), Current prices, US dollar","Annual","Billions","0.656","0.689","0.796","0.916","0.904","0.909","1.023","1.016","1.116","1.150","0.966","1.013","1.077","1.179","1.188","1.218","1.273","1.224","1.328","1.442","1.613","1.770"
"IMF.RES:WEO(9.0.0)","ERI.NGDPD.A","OBS_VALUE","Eritrea, The State of","Gross domestic product (GDP), Current prices, US dollar","Annual","Billions","0.850","0.937","1.020","0.923","1.297","1.590","2.065","2.255","1.958","2.604","2.016","2.213","1.904","2.006","1.982","","","","","","",""
"IMF.RES:WEO(9.0.0)","BEN.NGDPD.A","OBS_VALUE","Benin","Gross domestic product (GDP), Current prices, US dollar","Annual","Billions","6.571","7.034","8.170","9.787","9.728","9.543","10.691","11.148","12.518","13.288","11.389","11.818","12.766","14.346","14.697","15.674","17.699","17.439","19.679","21.487","24.402","27.453"
"IMF.RES:WEO(9.0.0)","GNQ.NGDPD.A","OBS_VALUE","Equatorial Guinea, Republic of","Gross domestic product (GDP), Current prices, US dollar","Annual","Billions","8.191","10.096","13.091","19.828","15.072","16.328","21.354","22.403","21.949","21.771","13.187","11.238","12.197","13.309","11.365","9.908","12.222","13.717","12.339","12.769","13.467","14.103"
"IMF.RES:WEO(9.0.0)","GNB.NGDPD.A","OBS_VALUE","Guinea-Bissau","Gross domestic product (GDP), Current prices, US dollar","Annual","Billions","0.640","0.635","0.753","0.953","0.889","0.941","1.157","1.050","1.110","1.136","1.153","1.245","1.469","1.555","1.487","1.523","1.722","1.721","2.005","2.186","2.474","2.764"
"IMF.RES:WEO(9.0.0)","ETH.NGDPD.A","OBS_VALUE","Ethiopia, The Federal Democratic Republic of","Gross domestic product (GDP), Current prices, US dollar","Annual","Billions","12.387","15.310","19.329","26.250","28.672","26.887","30.480","42.221","46.544","54.165","63.081","72.120","76.841","80.207","92.608","96.611","99.261","118.958","159.761","142.073","109.492","125.744"
"IMF.RES:WEO(9.0.0)","GMB.NGDPD.A","OBS_VALUE","Gambia, The","Gross domestic product (GDP), Current prices, US dollar","Annual","Billions","1.028","1.054","1.280","1.562","1.450","1.543","1.410","1.415","1.376","1.229","1.355","1.470","1.498","1.662","1.806","1.809","2.045","2.135","2.245","2.355","2.497","2.672"
"IMF.RES:WEO(9.0.0)","GAB.NGDPD.A","OBS_VALUE","Gabon","Gross domestic product (GDP), Current prices, US dollar","Annual","Billions","9.468","10.164","12.457","15.570","12.188","14.384","18.207","17.181","17.596","18.209","14.385","14.020","14.924","16.830","16.875","15.364","19.455","20.485","20.059","20.900","21.455","22.726"
"IMF.RES:WEO(9.0.0)","GIN.NGDPD.A","OBS_VALUE","Guinea","Gross domestic product (GDP), Current prices, US dollar","Annual","Billions","4.506","4.178","6.317","6.966","6.753","6.858","6.775","7.387","8.376","8.777","8.790","8.604","10.325","11.857","13.443","14.089","16.320","19.589","22.089","24.229","27.515","30.922"
"IMF.RES:WEO(9.0.0)","GHA.NGDPD.A","OBS_VALUE","Ghana","Gross domestic product (GDP), Current prices, US dollar","Annual","Billions","26.415","30.963","36.544","41.323","37.127","45.447","53.625","55.800","62.846","54.678","49.437","56.144","60.385","67.259","68.353","70.008","79.514","73.919","80.547","82.825","111.963","113.494"
"IMF.RES:WEO(9.0.0)","MWI.NGDPD.A","OBS_VALUE","Malawi","Gross domestic product (GDP), Current prices, US dollar","Annual","Billions","5.148","5.630","6.240","7.492","8.723","9.796","11.241","8.421","7.648","8.526","9.014","7.733","8.943","9.882","11.031","11.847","12.475","12.531","13.439","11.797","14.975","17.855"
"IMF.RES:WEO(9.0.0)","KEN.NGDPD.A","OBS_VALUE","Kenya","Gross domestic product (GDP), Current prices, US dollar","Annual","Billions","26.307","29.668","36.708","41.058","42.347","45.406","46.555","56.407","61.703","68.395","70.370","74.816","81.965","92.211","100.328","100.922","109.875","114.733","108.206","119.307","136.014","140.871"
"IMF.RES:WEO(9.0.0)","CIV.NGDPD.A","OBS_VALUE","Côte d'Ivoire","Gross domestic product (GDP), Current prices, US dollar","Annual","Billions","23.626","24.628","28.158","33.621","33.693","34.431","35.529","37.030","43.228","48.882","45.815","48.408","52.512","58.522","60.383","63.119","72.833","71.075","79.630","87.096","99.207","111.446"
"IMF.RES:WEO(9.0.0)","LBR.NGDPD.A","OBS_VALUE","Liberia","Gross domestic product (GDP), Current prices, US dollar","Annual","Billions","0.944","1.109","1.344","1.676","1.765","1.966","2.340","2.675","3.044","3.090","3.092","3.256","3.321","3.264","3.080","3.037","3.509","3.974","4.390","4.778","5.182","5.594"
"IMF.RES:WEO(9.0.0)","LSO.NGDPD.A","OBS_VALUE","Lesotho, Kingdom of","Gross domestic product (GDP), Current prices, US dollar","Annual","Billions","1.730","1.720","1.759","1.652","1.937","2.356","2.571","2.465","2.345","2.477","2.202","2.206","2.424","2.472","2.323","2.092","2.445","2.275","2.215","2.298","2.390","2.474"
"IMF.RES:WEO(9.0.0)","MRT.NGDPD.A","OBS_VALUE","Mauritania, Islamic Republic of","Gross domestic product (GDP), Current prices, US dollar","Annual","Billions","2.936","4.009","4.328","5.138","4.725","5.637","6.782","6.721","7.331","6.615","6.182","6.414","6.826","7.472","7.894","8.464","9.126","9.564","10.724","11.003","11.953","12.854"
"IMF.RES:WEO(9.0.0)","MLI.NGDPD.A","OBS_VALUE","Mali","Gross domestic product (GDP), Current prices, US dollar","Annual","Billions","6.251","6.906","8.157","9.871","10.249","10.698","12.993","12.450","13.243","14.369","13.106","14.022","15.360","17.079","17.281","17.491","19.320","19.319","21.184","22.789","25.591","28.478"
"IMF.RES:WEO(9.0.0)","MDG.NGDPD.A","OBS_VALUE","Madagascar, Republic of","Gross domestic product (GDP), Current prices, US dollar","Annual","Billions","5.859","6.396","8.525","10.725","9.617","9.983","11.552","11.579","12.424","12.523","11.323","11.849","13.176","13.760","14.105","13.051","14.355","15.326","15.870","17.421","19.377","21.091"
"IMF.RES:WEO(9.0.0)","LBY.NGDPD.A","OBS_VALUE","Libya","Gross domestic product (GDP), Current prices, US dollar","Annual","Billions","48.852","60.094","68.211","86.804","60.767","75.381","48.170","92.542","75.355","57.384","48.718","49.913","67.153","76.682","69.237","46.893","35.216","43.281","43.958","48.363","47.941","49.164"
"IMF.RES:WEO(9.0.0)","MAR.NGDPD.A","OBS_VALUE","Morocco","Gross domestic product (GDP), Current prices, US dollar","Annual","Billions","67.468","74.284","85.539","100.112","100.535","100.881","109.705","106.345","115.608","119.131","110.414","111.573","118.541","127.341","128.920","121.354","142.022","131.245","146.057","160.606","179.612","196.121"
"IMF.RES:WEO(9.0.0)","MUS.NGDPD.A","OBS_VALUE","Mauritius","Gross domestic product (GDP), Current prices, US dollar","Annual","Billions","6.867","7.123","8.260","10.125","9.252","10.138","11.673","11.826","12.293","13.074","12.007","12.594","13.714","14.736","14.436","11.408","11.484","12.908","14.101","14.986","15.730","16.756"
"IMF.RES:WEO(9.0.0)","NER.NGDPD.A","OBS_VALUE","Niger","Gross domestic product (GDP), Current prices, US dollar","Annual","Billions","4.372","4.743","5.716","7.279","7.324","7.838","8.754","9.412","10.206","10.830","9.684","10.350","11.181","12.814","12.917","13.764","14.923","15.458","16.809","19.866","22.969","26.110"
"IMF.RES:WEO(9.0.0)","NGA.NGDPD.A","OBS_VALUE","Nigeria","Gross domestic product (GDP), Current prices, US dollar","Annual","Billions","238.895","313.737","375.055","472.283","425.922","526.809","591.367","657.854","734.890","811.134","696.088","570.351","529.144","593.897","668.219","598.725","609.479","645.682","487.347","252.109","285.003","334.341"
"IMF.RES:WEO(9.0.0)","MOZ.NGDPD.A","OBS_VALUE","Mozambique, Republic of","Gross domestic product (GDP), Current prices, US dollar","Annual","Billions","8.868","9.510","10.811","12.920","12.264","11.412","14.619","16.688","17.198","17.978","16.209","12.069","13.265","15.017","15.513","14.235","16.168","18.884","20.921","22.745","24.726","26.512"
"IMF.RES:WEO(9.0.0)","SLE.NGDPD.A","OBS_VALUE","Sierra Leone","Gross domestic product (GDP), Current prices, US dollar","Annual","Billions","2.738","3.144","3.451","3.926","3.795","4.174","4.799","5.746","6.736","6.521","6.750","6.038","5.823","6.390","6.519","6.682","7.165","7.119","6.397","7.792","8.639","9.302"
"IMF.RES:WEO(9.0.0)","SEN.NGDPD.A","OBS_VALUE","Senegal","Gross domestic product (GDP), Current prices, US dollar","Annual","Billions","11.015","11.699","13.996","16.852","16.128","16.134","17.811","17.672","18.919","19.802","17.777","19.035","20.989","23.127","23.405","24.534","27.584","27.750","30.701","32.816","36.839","39.986"
"IMF.RES:WEO(9.0.0)","STP.NGDPD.A","OBS_VALUE","São Tomé and Príncipe, Democratic Republic of","Gross domestic product (GDP), Current prices, US dollar","Annual","Billions","0.125","0.133","0.145","0.188","0.201","0.191","0.228","0.231","0.269","0.295","0.262","0.294","0.325","0.387","0.416","0.476","0.529","0.546","0.696","0.828","0.976","1.125"
"IMF.RES:WEO(9.0.0)","RWA.NGDPD.A","OBS_VALUE","Rwanda","Gross domestic product (GDP), Current prices, US dollar","Annual","Billions","2.945","3.318","4.069","5.183","5.675","6.124","6.885","7.654","7.821","8.240","8.546","8.695","9.253","9.638","10.349","10.174","11.066","13.313","14.331","14.251","14.771","15.472"
"IMF.RES:WEO(9.0.0)","ZWE.NGDPD.A","OBS_VALUE","Zimbabwe","Gross domestic product (GDP), Current prices, US dollar","Annual","Billions","13.365","12.029","11.502","9.910","14.282","17.265","20.134","24.173","26.756","28.248","28.123","29.257","31.018","53.914","39.776","39.962","52.413","48.570","44.372","49.154","53.310","55.434"
"IMF.RES:WEO(9.0.0)","SDN.NGDPD.A","OBS_VALUE","Sudan","Gross domestic product (GDP), Current prices, US dollar","Annual","Billions","35.183","45.264","59.440","64.833","54.812","65.716","66.448","48.948","52.892","60.726","64.534","64.888","48.906","33.590","31.484","35.237","35.141","33.500","36.983","29.184","35.897","39.474"
"IMF.RES:WEO(9.0.0)","SSD.NGDPD.A","OBS_VALUE","South Sudan, Republic of","Gross domestic product (GDP), Current prices, US dollar","Annual","Billions","","","","","","","17.340","11.267","14.947","15.362","14.959","2.210","1.190","2.780","4.044","5.423","5.940","7.533","7.401","4.648","4.979","6.033"
"IMF.RES:WEO(9.0.0)","SOM.NGDPD.A","OBS_VALUE","Somalia","Gross domestic product (GDP), Current prices, US dollar","Annual","Billions","","","","","","","5.022","5.183","5.869","6.443","6.841","7.391","8.252","7.873","8.655","8.628","9.484","10.203","10.969","12.161","12.944","13.912"
"IMF.RES:WEO(9.0.0)","SYC.NGDPD.A","OBS_VALUE","Seychelles","Gross domestic product (GDP), Current prices, US dollar","Annual","Billions","0.919","1.016","1.034","0.998","0.847","0.970","1.018","1.060","1.328","1.388","1.432","1.568","1.675","1.777","1.867","1.384","1.490","2.018","2.187","2.178","2.230","2.249"
"IMF.RES:WEO(9.0.0)","NAM.NGDPD.A","OBS_VALUE","Namibia","Gross domestic product (GDP), Current prices, US dollar","Annual","Billions","7.324","7.711","8.730","8.496","8.915","11.281","12.423","13.016","12.168","12.434","11.450","10.719","12.883","13.676","12.539","10.583","12.399","12.564","12.402","13.370","14.686","16.100"
"IMF.RES:WEO(9.0.0)","TUN.NGDPD.A","OBS_VALUE","Tunisia","Gross domestic product (GDP), Current prices, US dollar","Annual","Billions","33.851","36.059","40.819","47.039","45.593","46.210","48.122","47.311","48.681","50.273","45.779","44.360","42.167","42.687","41.905","42.494","46.813","44.596","48.541","52.925","59.069","60.434"
"IMF.RES:WEO(9.0.0)","TGO.NGDPD.A","OBS_VALUE","Togo","Gross domestic product (GDP), Current prices, US dollar","Annual","Billions","3.080","3.173","3.760","4.578","4.717","4.750","5.421","5.417","6.022","6.395","5.756","6.069","6.385","7.032","6.993","7.400","8.338","8.144","9.081","9.776","10.951","12.176"
"IMF.RES:WEO(9.0.0)","TZA.NGDPD.A","OBS_VALUE","Tanzania, United Republic of","Gross domestic product (GDP), Current prices, US dollar","Annual","Billions","17.174","18.878","21.810","27.779","29.301","31.860","34.369","39.650","45.677","49.982","47.424","49.774","54.000","54.775","58.797","63.373","67.964","74.173","78.368","79.236","87.444","95.349"
"IMF.RES:WEO(9.0.0)","SWZ.NGDPD.A","OBS_VALUE","Eswatini, Kingdom of","Gross domestic product (GDP), Current prices, US dollar","Annual","Billions","3.085","3.198","3.365","3.203","3.492","4.310","4.686","4.745","4.467","4.289","3.907","3.723","4.468","4.645","4.617","4.122","4.786","4.741","4.604","4.944","5.201","5.495"
"IMF.RES:WEO(9.0.0)","SLB.NGDPD.A","OBS_VALUE","Solomon Islands","Gross domestic product (GDP), Current prices, US dollar","Annual","Billions","0.477","0.539","0.620","0.699","0.736","0.847","1.050","1.185","1.286","1.336","1.308","1.379","1.470","1.615","1.619","1.536","1.523","1.566","1.661","1.778","1.904","2.051"
"IMF.RES:WEO(9.0.0)","KIR.NGDPD.A","OBS_VALUE","Kiribati","Gross domestic product (GDP), Current prices, US dollar","Annual","Billions","0.114","0.112","0.138","0.150","0.142","0.166","0.196","0.207","0.202","0.201","0.192","0.207","0.223","0.234","0.217","0.222","0.285","0.271","0.289","0.308","0.321","0.343"
"IMF.RES:WEO(9.0.0)","BFA.NGDPD.A","OBS_VALUE","Burkina Faso","Gross domestic product (GDP), Current prices, US dollar","Annual","Billions","6.150","6.548","7.627","9.450","9.440","10.118","12.078","12.569","13.444","13.947","11.833","12.829","14.094","15.916","16.092","17.837","19.708","18.662","20.116","23.130","26.866","30.705"
"IMF.RES:WEO(9.0.0)","UGA.NGDPD.A","OBS_VALUE","Uganda","Gross domestic product (GDP), Current prices, US dollar","Annual","Billions","12.460","14.079","17.512","22.419","24.107","24.683","27.501","30.939","32.331","34.754","30.122","30.232","31.589","34.126","37.895","37.888","42.808","47.263","52.003","56.232","64.993","72.456"
"IMF.RES:WEO(9.0.0)","ZMB.NGDPD.A","OBS_VALUE","Zambia","Gross domestic product (GDP), Current prices, US dollar","Annual","Billions","8.329","12.762","14.060","17.914","15.332","20.264","23.455","25.502","28.042","27.145","21.245","20.965","25.874","26.312","23.309","18.138","22.096","29.164","27.578","26.326","29.369","33.945"
"IMF.RES:WEO(9.0.0)","TON.NGDPD.A","OBS_VALUE","Tonga","Gross domestic product (GDP), Current prices, US dollar","Annual","Billions","0.262","0.292","0.299","0.344","0.312","0.367","0.415","0.427","0.452","0.441","0.438","0.421","0.460","0.481","0.494","0.503","0.520","0.515","0.513","0.558","0.587","0.616"
"IMF.RES:WEO(9.0.0)","VUT.NGDPD.A","OBS_VALUE","Vanuatu","Gross domestic product (GDP), Current prices, US dollar","Annual","Billions","0.390","0.435","0.517","0.582","0.590","0.652","0.738","0.736","0.755","0.775","0.774","0.798","0.880","0.884","0.930","1.008","0.921","1.035","1.125","1.090","1.119","1.176"
"IMF.RES:WEO(9.0.0)","WSM.NGDPD.A","OBS_VALUE","Samoa","Gross domestic product (GDP), Current prices, US dollar","Annual","Billions","0.486","0.516","0.568","0.684","0.618","0.680","0.744","0.773","0.798","0.797","0.824","0.844","0.885","0.878","0.913","0.869","0.860","0.890","1.045","1.176","1.248","1.333"
"IMF.RES:WEO(9.0.0)","NRU.NGDPD.A","OBS_VALUE","Nauru, Republic of","Gross domestic product (GDP), Current prices, US dollar","Annual","Billions","0.031","0.029","0.025","0.036","0.047","0.050","0.069","0.101","0.089","0.097","0.076","0.100","0.109","0.131","0.125","0.125","0.176","0.152","0.152","0.162","0.172","0.183"
"IMF.RES:WEO(9.0.0)","FJI.NGDPD.A","OBS_VALUE","Fiji, Republic of","Gross domestic product (GDP), Current prices, US dollar","Annual","Billions","3.257","3.361","3.688","3.816","3.106","3.402","4.094","4.303","4.539","4.857","4.682","4.930","5.353","5.581","5.345","4.228","4.159","4.978","5.477","5.968","6.336","6.696"
"IMF.RES:WEO(9.0.0)","PNG.NGDPD.A","OBS_VALUE","Papua New Guinea","Gross domestic product (GDP), Current prices, US dollar","Annual","Billions","7.339","8.355","9.545","11.671","11.619","14.251","17.985","21.295","21.261","23.211","21.723","20.759","22.743","24.110","24.751","23.848","26.113","31.653","30.729","31.496","32.714","33.463"
"IMF.RES:WEO(9.0.0)","BLR.NGDPD.A","OBS_VALUE","Belarus, Republic of","Gross domestic product (GDP), Current prices, US dollar","Annual","Billions","31.239","38.219","46.815","62.798","50.855","57.220","61.368","65.669","75.496","78.736","56.329","47.703","54.723","60.011","64.414","61.312","68.207","73.735","71.792","76.208","85.739","90.556"
"IMF.RES:WEO(9.0.0)","MHL.NGDPD.A","OBS_VALUE","Marshall Islands, Republic of the","Gross domestic product (GDP), Current prices, US dollar","Annual","Billions","0.138","0.143","0.150","0.147","0.151","0.161","0.172","0.181","0.186","0.186","0.184","0.202","0.214","0.220","0.233","0.242","0.259","0.253","0.259","0.281","0.302","0.332"
"IMF.RES:WEO(9.0.0)","FSM.NGDPD.A","OBS_VALUE","Micronesia, Federated States of","Gross domestic product (GDP), Current prices, US dollar","Annual","Billions","0.247","0.250","0.253","0.261","0.277","0.292","0.308","0.324","0.314","0.316","0.312","0.327","0.361","0.394","0.395","0.373","0.392","0.416","0.444","0.471","0.495","0.519"
"IMF.RES:WEO(9.0.0)","TUV.NGDPD.A","OBS_VALUE","Tuvalu","Gross domestic product (GDP), Current prices, US dollar","Annual","Billions","0.023","0.024","0.029","0.032","0.028","0.033","0.040","0.039","0.039","0.039","0.037","0.041","0.045","0.048","0.054","0.053","0.062","0.054","0.051","0.056","0.058","0.061"
"IMF.RES:WEO(9.0.0)","G903.NGDPD.A","OBS_VALUE","Emerging and Developing Europe","Gross domestic product (GDP), Current prices, US dollar","Annual","Billions","2053.175","2451.987","3152.391","3886.914","3031.033","3538.488","4147.064","4278.888","4522.078","4258.153","3303.027","3234.087","3657.703","3842.969","3904.738","3651.552","4318.889","4872.388","5129.591","5631.194","6463.042","6614.092"
"IMF.RES:WEO(9.0.0)","ARM.NGDPD.A","OBS_VALUE","Armenia, Republic of","Gross domestic product (GDP), Current prices, US dollar","Annual","Billions","4.900","6.384","9.206","11.662","8.648","9.260","10.142","10.619","11.121","11.610","10.553","10.546","11.527","12.458","13.619","12.642","13.879","19.514","24.186","25.955","27.859","29.082"
"IMF.RES:WEO(9.0.0)","AZE.NGDPD.A","OBS_VALUE","Azerbaijan, Republic of","Gross domestic product (GDP), Current prices, US dollar","Annual","Billions","13.239","20.983","33.050","48.852","44.297","52.909","65.952","69.684","74.164","75.235","52.997","37.830","41.375","47.113","48.174","42.693","54.825","78.807","72.428","74.316","76.390","80.024"
"IMF.RES:WEO(9.0.0)","ALB.NGDPD.A","OBS_VALUE","Albania","Gross domestic product (GDP), Current prices, US dollar","Annual","Billions","8.052","8.896","10.677","12.881","12.044","11.937","12.899","12.324","12.784","13.246","11.389","11.862","13.053","15.380","15.582","15.271","17.985","19.189","23.633","27.084","29.939","32.411"
"IMF.RES:WEO(9.0.0)","KAZ.NGDPD.A","OBS_VALUE","Kazakhstan, Republic of","Gross domestic product (GDP), Current prices, US dollar","Annual","Billions","57.125","81.003","104.850","133.442","115.309","148.047","192.626","207.999","236.635","221.416","184.388","137.278","166.806","179.340","181.667","171.082","197.112","225.496","261.840","291.480","300.052","319.770"
"IMF.RES:WEO(9.0.0)","GEO.NGDPD.A","OBS_VALUE","Georgia","Gross domestic product (GDP), Current prices, US dollar","Annual","Billions","6.590","7.979","10.458","13.158","11.069","12.425","15.475","16.894","17.516","17.966","15.223","15.445","16.472","17.905","17.645","16.013","18.849","24.985","30.778","33.775","37.403","40.177"
"IMF.RES:WEO(9.0.0)","RUS.NGDPD.A","OBS_VALUE","Russian Federation","Gross domestic product (GDP), Current prices, US dollar","Annual","Billions","817.717","1060.901","1393.416","1779.109","1307.927","1633.111","2046.621","2191.486","2288.428","2048.837","1356.703","1280.648","1575.140","1653.005","1695.724","1488.118","1828.927","2295.526","2059.759","2173.225","2540.656","2509.421"
"IMF.RES:WEO(9.0.0)","BGR.NGDPD.A","OBS_VALUE","Bulgaria","Gross domestic product (GDP), Current prices, US dollar","Annual","Billions","29.868","34.380","44.432","54.476","52.024","50.690","57.682","54.297","55.820","57.081","50.766","53.929","59.288","66.318","68.639","70.658","84.477","90.719","102.434","112.232","127.924","142.203"
"IMF.RES:WEO(9.0.0)","KGZ.NGDPD.A","OBS_VALUE","Kyrgyz Republic","Gross domestic product (GDP), Current prices, US dollar","Annual","Billions","2.459","2.837","3.807","5.139","4.690","4.794","6.198","6.604","7.335","7.467","6.678","6.813","7.703","8.271","9.372","8.283","9.256","12.269","15.187","17.491","20.160","21.563"
"IMF.RES:WEO(9.0.0)","MDA.NGDPD.A","OBS_VALUE","Moldova, Republic of","Gross domestic product (GDP), Current prices, US dollar","Annual","Billions","2.988","3.408","4.401","6.055","5.438","6.977","8.417","8.708","9.496","9.402","7.778","7.981","9.515","11.252","11.737","11.530","13.694","14.524","16.711","18.201","19.620","21.024"
"IMF.RES:WEO(9.0.0)","TJK.NGDPD.A","OBS_VALUE","Tajikistan, Republic of","Gross domestic product (GDP), Current prices, US dollar","Annual","Billions","2.311","2.811","3.712","5.135","4.977","5.642","6.523","7.592","8.506","9.242","7.857","6.994","7.535","7.762","8.301","8.134","8.934","10.714","12.203","14.199","17.032","18.941"
"IMF.RES:WEO(9.0.0)","CHN.NGDPD.A","OBS_VALUE","China, People's Republic of","Gross domestic product (GDP), Current prices, US dollar","Annual","Billions","2325.515","2797.286","3612.210","4653.314","5176.180","6138.992","7624.861","8682.939","9782.784","10701.415","11307.226","11448.003","12503.299","14110.963","14572.410","15103.357","18190.803","18307.816","18270.351","18749.759","19398.577","20650.754"
"IMF.RES:WEO(9.0.0)","UZB.NGDPD.A","OBS_VALUE","Uzbekistan, Republic of","Gross domestic product (GDP), Current prices, US dollar","Annual","Billions","17.939","21.344","27.963","35.858","41.945","49.772","60.213","67.520","73.192","80.848","85.662","85.658","69.703","58.696","67.294","66.443","77.340","90.125","102.634","114.962","137.480","159.199"
"IMF.RES:WEO(9.0.0)","CZE.NGDPD.A","OBS_VALUE","Czech Republic","Gross domestic product (GDP), Current prices, US dollar","Annual","Billions","137.264","156.236","189.845","236.820","207.095","211.169","231.429","210.363","213.024","210.911","189.108","198.161","221.564","251.992","256.794","251.110","290.973","301.831","345.059","347.034","383.384","417.134"
"IMF.RES:WEO(9.0.0)","TKM.NGDPD.A","OBS_VALUE","Turkmenistan","Gross domestic product (GDP), Current prices, US dollar","Annual","Billions","16.003","19.935","24.192","20.049","18.836","21.321","27.776","35.164","39.198","43.524","35.800","36.180","37.926","40.762","44.974","45.455","49.477","56.677","62.814","68.675","72.119","76.897"
"IMF.RES:WEO(9.0.0)","UKR.NGDPD.A","OBS_VALUE","Ukraine","Gross domestic product (GDP), Current prices, US dollar","Annual","Billions","85.996","107.767","143.260","181.313","117.079","136.011","163.059","175.781","183.310","133.392","90.922","93.349","112.064","130.905","153.904","156.566","199.835","161.987","181.228","190.687","209.713","224.259"
"IMF.RES:WEO(9.0.0)","SRB.NGDPD.A","OBS_VALUE","Serbia, Republic of","Gross domestic product (GDP), Current prices, US dollar","Annual","Billions","28.143","33.421","45.121","54.117","46.949","43.067","51.274","45.111","50.456","49.114","41.297","42.225","45.973","52.788","53.865","55.874","65.830","66.798","81.343","89.074","100.048","112.108"
"IMF.RES:WEO(9.0.0)","LVA.NGDPD.A","OBS_VALUE","Latvia, Republic of","Gross domestic product (GDP), Current prices, US dollar","Annual","Billions","16.332","20.453","29.463","34.296","25.758","23.509","26.832","27.136","29.157","30.285","26.347","27.110","29.381","33.263","33.103","33.353","38.209","38.045","42.584","43.508","47.880","52.248"
"IMF.RES:WEO(9.0.0)","SVK.NGDPD.A","OBS_VALUE","Slovak Republic","Gross domestic product (GDP), Current prices, US dollar","Annual","Billions","48.912","57.480","77.260","97.122","89.246","91.186","99.687","94.784","99.136","101.739","89.187","90.322","95.944","106.660","105.855","107.646","120.641","115.975","133.936","141.733","154.587","167.730"
"IMF.RES:WEO(9.0.0)","EST.NGDPD.A","OBS_VALUE","Estonia, Republic of","Gross domestic product (GDP), Current prices, US dollar","Annual","Billions","14.129","17.049","22.478","24.434","19.694","19.569","23.300","23.252","25.451","27.063","23.314","24.554","27.460","31.237","31.877","31.795","37.226","38.257","41.482","43.117","46.763","51.036"
"IMF.RES:WEO(9.0.0)","MNG.NGDPD.A","OBS_VALUE","Mongolia","Gross domestic product (GDP), Current prices, US dollar","Annual","Billions","2.523","3.414","4.235","5.623","4.584","7.185","10.410","12.278","12.582","12.227","11.620","11.154","11.481","13.207","14.206","13.313","15.286","17.146","20.315","23.795","25.105","26.520"
"IMF.RES:WEO(9.0.0)","MNE.NGDPD.A","OBS_VALUE","Montenegro","Gross domestic product (GDP), Current prices, US dollar","Annual","Billions","2.257","2.720","3.683","4.559","4.155","4.140","4.506","4.074","4.422","4.581","4.011","4.356","4.802","5.436","5.484","4.730","5.827","6.265","7.646","8.272","9.353","10.229"
"IMF.RES:WEO(9.0.0)","HUN.NGDPD.A","OBS_VALUE","Hungary","Gross domestic product (GDP), Current prices, US dollar","Annual","Billions","113.098","115.604","140.123","158.228","130.807","131.899","141.713","128.470","135.646","141.129","125.244","128.984","143.335","161.185","164.927","158.468","183.283","178.321","214.098","223.060","247.759","269.916"
"IMF.RES:WEO(9.0.0)","SVN.NGDPD.A","OBS_VALUE","Slovenia, Republic of","Gross domestic product (GDP), Current prices, US dollar","Annual","Billions","36.002","39.293","47.886","55.503","49.921","47.832","51.190","46.196","47.868","49.527","42.714","44.279","48.136","53.713","53.916","53.342","61.582","59.946","69.275","72.950","79.221","85.738"
"IMF.RES:WEO(9.0.0)","BIH.NGDPD.A","OBS_VALUE","Bosnia and Herzegovina","Gross domestic product (GDP), Current prices, US dollar","Annual","Billions","11.233","12.877","15.801","19.188","17.666","17.207","18.665","17.237","18.184","18.588","16.413","17.124","18.363","20.504","20.485","20.264","23.688","24.581","27.606","29.614","33.237","36.239"
"IMF.RES:WEO(9.0.0)","LTU.NGDPD.A","OBS_VALUE","Lithuania, Republic of","Gross domestic product (GDP), Current prices, US dollar","Annual","Billions","26.118","30.138","39.765","48.004","37.591","36.693","43.201","42.736","46.321","48.388","41.548","42.952","47.745","54.294","55.132","57.352","67.068","71.082","79.824","84.847","95.274","104.651"
"IMF.RES:WEO(9.0.0)","HRV.NGDPD.A","OBS_VALUE","Croatia, Republic of","Gross domestic product (GDP), Current prices, US dollar","Annual","Billions","45.035","49.593","59.303","68.469","62.255","59.032","62.889","57.585","59.854","59.628","51.012","52.640","56.166","61.694","61.472","57.919","69.055","71.260","84.429","92.643","103.901","113.132"
"IMF.RES:WEO(9.0.0)","POL.NGDPD.A","OBS_VALUE","Poland, Republic of","Gross domestic product (GDP), Current prices, US dollar","Annual","Billions","307.158","345.898","429.715","535.612","440.954","478.111","527.848","498.149","518.180","542.266","479.729","472.883","528.497","594.641","602.592","605.930","689.253","695.734","812.959","914.553","1039.619","1109.962"
"IMF.RES:WEO(9.0.0)","MKD.NGDPD.A","OBS_VALUE","North Macedonia, Republic of","Gross domestic product (GDP), Current prices, US dollar","Annual","Billions","6.257","6.860","8.337","9.912","9.400","9.415","10.499","9.751","10.824","11.378","10.067","10.686","11.336","12.694","12.609","12.385","14.008","13.957","15.772","16.679","18.783","20.751"
"IMF.RES:WEO(9.0.0)","G001.NGDPD.A","OBS_VALUE","World","Gross domestic product (GDP), Current prices, US dollar","Annual","Billions","48097.282","52123.661","58865.937","64647.380","61239.721","67039.030","74460.601","75903.095","78175.893","80339.036","75830.968","77051.495","81951.771","87038.871","88323.317","86051.313","98225.820","102401.753","106939.787","111112.860","117165.394","123584.494"
"IMF.RES:WEO(9.0.0)","KOS.NGDPD.A","OBS_VALUE","Kosovo, Republic of","Gross domestic product (GDP), Current prices, US dollar","Annual","Billions","3.828","4.019","4.868","5.202","5.030","5.348","6.340","6.167","6.735","7.076","6.296","6.681","7.178","7.882","7.900","7.728","9.418","9.375","10.470","11.200","12.672","14.097"
"IMF.RES:WEO(9.0.0)","ROU.NGDPD.A","OBS_VALUE","Romania","Gross domestic product (GDP), Current prices, US dollar","Annual","Billions","98.547","122.114","174.831","215.567","174.572","170.329","192.846","179.228","189.839","199.989","177.878","185.337","210.530","243.651","251.652","252.372","286.783","296.928","350.847","382.854","422.508","444.807"
"IMF.RES:WEO(9.0.0)","G998.NGDPD.A","OBS_VALUE","European Union (EU)","Gross domestic product (GDP), Current prices, US dollar","Annual","Billions","11947.116","12756.244","14781.990","16361.341","14831.612","14652.562","15872.802","14740.088","15398.774","15767.595","13657.130","13984.467","14867.435","16100.805","15812.179","15495.360","17507.089","17040.068","18644.233","19459.717","21096.780","22515.043"
